<?xml version="1.0" encoding="UTF-8"?>
<metadata xml:lang="zh"><Esri><CreaDate>20180808</CreaDate><CreaTime>16593300</CreaTime><ArcGISFormat>1.0</ArcGISFormat><SyncOnce>FALSE</SyncOnce><DataProperties><itemProps><itemName Sync="TRUE">重点部位</itemName><imsContentType Sync="TRUE">002</imsContentType><itemSize Sync="TRUE">0.000</itemSize><itemLocation><linkage Sync="TRUE">file://\\NJLD\C$\Users\Administrator\Desktop\shapefile 模板\重点部位\重点部位.shp</linkage><protocol Sync="TRUE">Local Area Network</protocol></itemLocation></itemProps><coordRef><type Sync="TRUE">Geographic</type><geogcsn Sync="TRUE">GCS_China_Geodetic_Coordinate_System_2000</geogcsn><csUnits Sync="TRUE">Angular Unit: Degree (0.017453)</csUnits><peXml Sync="TRUE">&lt;GeographicCoordinateSystem xsi:type='typens:GeographicCoordinateSystem' xmlns:xsi='http://www.w3.org/2001/XMLSchema-instance' xmlns:xs='http://www.w3.org/2001/XMLSchema' xmlns:typens='http://www.esri.com/schemas/ArcGIS/10.1'&gt;&lt;WKT&gt;GEOGCS[&amp;quot;GCS_China_Geodetic_Coordinate_System_2000&amp;quot;,DATUM[&amp;quot;D_China_2000&amp;quot;,SPHEROID[&amp;quot;CGCS2000&amp;quot;,6378137.0,298.257222101]],PRIMEM[&amp;quot;Greenwich&amp;quot;,0.0],UNIT[&amp;quot;Degree&amp;quot;,0.0174532925199433],METADATA[&amp;quot;China&amp;quot;,73.66,7.16,134.85,53.59,0.0,0.0174532925199433,0.0,1067],AUTHORITY[&amp;quot;EPSG&amp;quot;,4490]]&lt;/WKT&gt;&lt;XOrigin&gt;-400&lt;/XOrigin&gt;&lt;YOrigin&gt;-400&lt;/YOrigin&gt;&lt;XYScale&gt;11258999068426.238&lt;/XYScale&gt;&lt;ZOrigin&gt;-100000&lt;/ZOrigin&gt;&lt;ZScale&gt;10000&lt;/ZScale&gt;&lt;MOrigin&gt;-100000&lt;/MOrigin&gt;&lt;MScale&gt;10000&lt;/MScale&gt;&lt;XYTolerance&gt;8.9831528411952133e-009&lt;/XYTolerance&gt;&lt;ZTolerance&gt;0.001&lt;/ZTolerance&gt;&lt;MTolerance&gt;0.001&lt;/MTolerance&gt;&lt;HighPrecision&gt;true&lt;/HighPrecision&gt;&lt;LeftLongitude&gt;-180&lt;/LeftLongitude&gt;&lt;WKID&gt;4490&lt;/WKID&gt;&lt;LatestWKID&gt;4490&lt;/LatestWKID&gt;&lt;/GeographicCoordinateSystem&gt;</peXml></coordRef><lineage><Process ToolSource="c:\program files (x86)\arcgis\desktop10.1\ArcToolbox\Toolboxes\Conversion Tools.tbx\FeatureClassToFeatureClass" Date="20180808" Time="165934">FeatureClassToFeatureClass D:\20180808\STBC20180808.gdb\现状库\S_KEY_PARTS "C:\Users\Administrator\Desktop\shapefile 模板\重点部位" 重点部位.shp # "ID "ID" true true false 36 Text 0 0 ,First,#,D:\20180808\STBC20180808.gdb\现状库\S_KEY_PARTS,ID,-1,-1;PRID "项目ID" true true false 36 Text 0 0 ,First,#,D:\20180808\STBC20180808.gdb\现状库\S_KEY_PARTS,PRID,-1,-1;NAME "名称" true true false 100 Text 0 0 ,First,#,D:\20180808\STBC20180808.gdb\现状库\S_KEY_PARTS,NAME,-1,-1;TYPE "类型" true true false 10 Text 0 0 ,First,#,D:\20180808\STBC20180808.gdb\现状库\S_KEY_PARTS,TYPE,-1,-1;SC "土质特点" true true false 10 Text 0 0 ,First,#,D:\20180808\STBC20180808.gdb\现状库\S_KEY_PARTS,SC,-1,-1;KPAREA "占地面积" true true false 8 Double 0 0 ,First,#,D:\20180808\STBC20180808.gdb\现状库\S_KEY_PARTS,KPAREA,-1,-1;SA "方量" true true false 8 Double 0 0 ,First,#,D:\20180808\STBC20180808.gdb\现状库\S_KEY_PARTS,SA,-1,-1;CSITN "防治情况" true true false 500 Text 0 0 ,First,#,D:\20180808\STBC20180808.gdb\现状库\S_KEY_PARTS,CSITN,-1,-1;SESITN "水土流失情况" true true false 500 Text 0 0 ,First,#,D:\20180808\STBC20180808.gdb\现状库\S_KEY_PARTS,SESITN,-1,-1;PROBLEM "问题" true true false 1073741822 Text 0 0 ,First,#,D:\20180808\STBC20180808.gdb\现状库\S_KEY_PARTS,PROBLEM,-1,-1;PROPOSAL "建议" true true false 1073741822 Text 0 0 ,First,#,D:\20180808\STBC20180808.gdb\现状库\S_KEY_PARTS,PROPOSAL,-1,-1;ISOD "是否原设计" true true false 10 Text 0 0 ,First,#,D:\20180808\STBC20180808.gdb\现状库\S_KEY_PARTS,ISOD,-1,-1;ISHP "是否有用地手续" true true false 10 Text 0 0 ,First,#,D:\20180808\STBC20180808.gdb\现状库\S_KEY_PARTS,ISHP,-1,-1;ISFS "是否先拦后弃" true true false 10 Text 0 0 ,First,#,D:\20180808\STBC20180808.gdb\现状库\S_KEY_PARTS,ISFS,-1,-1;ISPLACE "措施是否及时到位" true true false 10 Text 0 0 ,First,#,D:\20180808\STBC20180808.gdb\现状库\S_KEY_PARTS,ISPLACE,-1,-1;ISSTACK "是否逐级堆砌，分层碾压" true true false 10 Text 0 0 ,First,#,D:\20180808\STBC20180808.gdb\现状库\S_KEY_PARTS,ISSTACK,-1,-1;MDID "上图单位ID" true true false 36 Text 0 0 ,First,#,D:\20180808\STBC20180808.gdb\现状库\S_KEY_PARTS,MDID,-1,-1;MEMO "备注" true true false 1073741822 Text 0 0 ,First,#,D:\20180808\STBC20180808.gdb\现状库\S_KEY_PARTS,MEMO,-1,-1;CPID "创建人员ID" true true false 36 Text 0 0 ,First,#,D:\20180808\STBC20180808.gdb\现状库\S_KEY_PARTS,CPID,-1,-1;CTIME "创建时间" true true false 8 Date 0 0 ,First,#,D:\20180808\STBC20180808.gdb\现状库\S_KEY_PARTS,CTIME,-1,-1;DPID "消亡人员ID" true true false 36 Text 0 0 ,First,#,D:\20180808\STBC20180808.gdb\现状库\S_KEY_PARTS,DPID,-1,-1;DTIME "消亡时间" true true false 8 Date 0 0 ,First,#,D:\20180808\STBC20180808.gdb\现状库\S_KEY_PARTS,DTIME,-1,-1;OTIME "操作时间" true true false 8 Date 0 0 ,First,#,D:\20180808\STBC20180808.gdb\现状库\S_KEY_PARTS,OTIME,-1,-1;KPID "重点部位ID" true true false 36 Text 0 0 ,First,#,D:\20180808\STBC20180808.gdb\现状库\S_KEY_PARTS,KPID,-1,-1;ISSE "是否有安全评价手续" true true false 10 Text 0 0 ,First,#,D:\20180808\STBC20180808.gdb\现状库\S_KEY_PARTS,ISSE,-1,-1;SHAPE_Leng "SHAPE_Length" false true true 8 Double 0 0 ,First,#,D:\20180808\STBC20180808.gdb\现状库\S_KEY_PARTS,SHAPE_Length,-1,-1;SHAPE_Area "SHAPE_Area" false true true 8 Double 0 0 ,First,#,D:\20180808\STBC20180808.gdb\现状库\S_KEY_PARTS,SHAPE_Area,-1,-1" #</Process></lineage></DataProperties><SyncDate>20180808</SyncDate><SyncTime>16593400</SyncTime><ModDate>20180808</ModDate><ModTime>16593400</ModTime></Esri><dataIdInfo><envirDesc Sync="TRUE"> Version 6.2 (Build 9200) ; Esri ArcGIS 10.1.0.3035</envirDesc><dataLang><languageCode value="zho" Sync="TRUE"></languageCode><countryCode value="CHN" Sync="TRUE"></countryCode></dataLang><idCitation><resTitle Sync="TRUE">重点部位</resTitle><presForm><PresFormCd value="005" Sync="TRUE"></PresFormCd></presForm></idCitation><spatRpType><SpatRepTypCd value="001" Sync="TRUE"></SpatRepTypCd></spatRpType></dataIdInfo><mdLang><languageCode value="zho" Sync="TRUE"></languageCode><countryCode value="CHN" Sync="TRUE"></countryCode></mdLang><mdChar><CharSetCd value="004" Sync="TRUE"></CharSetCd></mdChar><distInfo><distFormat><formatName Sync="TRUE">Shapefile</formatName></distFormat><distTranOps><transSize Sync="TRUE">0.000</transSize></distTranOps></distInfo><mdHrLv><ScopeCd value="005" Sync="TRUE"></ScopeCd></mdHrLv><mdHrLvName Sync="TRUE">dataset</mdHrLvName><refSysInfo><RefSystem><refSysID><identCode code="4490" Sync="TRUE"></identCode><idCodeSpace Sync="TRUE">EPSG</idCodeSpace><idVersion Sync="TRUE">7.9.4</idVersion></refSysID></RefSystem></refSysInfo><spatRepInfo><VectSpatRep><geometObjs Name="重点部位"><geoObjTyp><GeoObjTypCd value="002" Sync="TRUE"></GeoObjTypCd></geoObjTyp><geoObjCnt Sync="TRUE">0</geoObjCnt></geometObjs><topLvl><TopoLevCd value="001" Sync="TRUE"></TopoLevCd></topLvl></VectSpatRep></spatRepInfo><spdoinfo><ptvctinf><esriterm Name="重点部位"><efeatyp Sync="TRUE">Simple</efeatyp><efeageom code="4" Sync="TRUE"></efeageom><esritopo Sync="TRUE">FALSE</esritopo><efeacnt Sync="TRUE">0</efeacnt><spindex Sync="TRUE">FALSE</spindex><linrefer Sync="TRUE">FALSE</linrefer></esriterm></ptvctinf></spdoinfo><eainfo><detailed Name="重点部位"><enttyp><enttypl Sync="TRUE">重点部位</enttypl><enttypt Sync="TRUE">Feature Class</enttypt><enttypc Sync="TRUE">0</enttypc></enttyp><attr><attrlabl Sync="TRUE">FID</attrlabl><attalias Sync="TRUE">FID</attalias><attrtype Sync="TRUE">OID</attrtype><attwidth Sync="TRUE">4</attwidth><atprecis Sync="TRUE">0</atprecis><attscale Sync="TRUE">0</attscale><attrdef Sync="TRUE">Internal feature number.</attrdef><attrdefs Sync="TRUE">Esri</attrdefs><attrdomv><udom Sync="TRUE">Sequential unique whole numbers that are automatically generated.</udom></attrdomv></attr><attr><attrlabl Sync="TRUE">Shape</attrlabl><attalias Sync="TRUE">Shape</attalias><attrtype Sync="TRUE">Geometry</attrtype><attwidth Sync="TRUE">0</attwidth><atprecis Sync="TRUE">0</atprecis><attscale Sync="TRUE">0</attscale><attrdef Sync="TRUE">Feature geometry.</attrdef><attrdefs Sync="TRUE">Esri</attrdefs><attrdomv><udom Sync="TRUE">Coordinates defining the features.</udom></attrdomv></attr><attr><attrlabl Sync="TRUE">ID</attrlabl><attalias Sync="TRUE">ID</attalias><attrtype Sync="TRUE">String</attrtype><attwidth Sync="TRUE">36</attwidth><atprecis Sync="TRUE">0</atprecis><attscale Sync="TRUE">0</attscale></attr><attr><attrlabl Sync="TRUE">PRID</attrlabl><attalias Sync="TRUE">PRID</attalias><attrtype Sync="TRUE">String</attrtype><attwidth Sync="TRUE">36</attwidth><atprecis Sync="TRUE">0</atprecis><attscale Sync="TRUE">0</attscale></attr><attr><attrlabl Sync="TRUE">NAME</attrlabl><attalias Sync="TRUE">NAME</attalias><attrtype Sync="TRUE">String</attrtype><attwidth Sync="TRUE">100</attwidth><atprecis Sync="TRUE">0</atprecis><attscale Sync="TRUE">0</attscale></attr><attr><attrlabl Sync="TRUE">TYPE</attrlabl><attalias Sync="TRUE">TYPE</attalias><attrtype Sync="TRUE">String</attrtype><attwidth Sync="TRUE">10</attwidth><atprecis Sync="TRUE">0</atprecis><attscale Sync="TRUE">0</attscale></attr><attr><attrlabl Sync="TRUE">SC</attrlabl><attalias Sync="TRUE">SC</attalias><attrtype Sync="TRUE">String</attrtype><attwidth Sync="TRUE">10</attwidth><atprecis Sync="TRUE">0</atprecis><attscale Sync="TRUE">0</attscale></attr><attr><attrlabl Sync="TRUE">KPAREA</attrlabl><attalias Sync="TRUE">KPAREA</attalias><attrtype Sync="TRUE">Double</attrtype><attwidth Sync="TRUE">19</attwidth><atprecis Sync="TRUE">0</atprecis><attscale Sync="TRUE">0</attscale></attr><attr><attrlabl Sync="TRUE">SA</attrlabl><attalias Sync="TRUE">SA</attalias><attrtype Sync="TRUE">Double</attrtype><attwidth Sync="TRUE">19</attwidth><atprecis Sync="TRUE">0</atprecis><attscale Sync="TRUE">0</attscale></attr><attr><attrlabl Sync="TRUE">CSITN</attrlabl><attalias Sync="TRUE">CSITN</attalias><attrtype Sync="TRUE">String</attrtype><attwidth Sync="TRUE">254</attwidth><atprecis Sync="TRUE">0</atprecis><attscale Sync="TRUE">0</attscale></attr><attr><attrlabl Sync="TRUE">SESITN</attrlabl><attalias Sync="TRUE">SESITN</attalias><attrtype Sync="TRUE">String</attrtype><attwidth Sync="TRUE">254</attwidth><atprecis Sync="TRUE">0</atprecis><attscale Sync="TRUE">0</attscale></attr><attr><attrlabl Sync="TRUE">PROBLEM</attrlabl><attalias Sync="TRUE">PROBLEM</attalias><attrtype Sync="TRUE">String</attrtype><attwidth Sync="TRUE">254</attwidth><atprecis Sync="TRUE">0</atprecis><attscale Sync="TRUE">0</attscale></attr><attr><attrlabl Sync="TRUE">PROPOSAL</attrlabl><attalias Sync="TRUE">PROPOSAL</attalias><attrtype Sync="TRUE">String</attrtype><attwidth Sync="TRUE">254</attwidth><atprecis Sync="TRUE">0</atprecis><attscale Sync="TRUE">0</attscale></attr><attr><attrlabl Sync="TRUE">ISOD</attrlabl><attalias Sync="TRUE">ISOD</attalias><attrtype Sync="TRUE">String</attrtype><attwidth Sync="TRUE">10</attwidth><atprecis Sync="TRUE">0</atprecis><attscale Sync="TRUE">0</attscale></attr><attr><attrlabl Sync="TRUE">ISHP</attrlabl><attalias Sync="TRUE">ISHP</attalias><attrtype Sync="TRUE">String</attrtype><attwidth Sync="TRUE">10</attwidth><atprecis Sync="TRUE">0</atprecis><attscale Sync="TRUE">0</attscale></attr><attr><attrlabl Sync="TRUE">ISFS</attrlabl><attalias Sync="TRUE">ISFS</attalias><attrtype Sync="TRUE">String</attrtype><attwidth Sync="TRUE">10</attwidth><atprecis Sync="TRUE">0</atprecis><attscale Sync="TRUE">0</attscale></attr><attr><attrlabl Sync="TRUE">ISPLACE</attrlabl><attalias Sync="TRUE">ISPLACE</attalias><attrtype Sync="TRUE">String</attrtype><attwidth Sync="TRUE">10</attwidth><atprecis Sync="TRUE">0</atprecis><attscale Sync="TRUE">0</attscale></attr><attr><attrlabl Sync="TRUE">ISSTACK</attrlabl><attalias Sync="TRUE">ISSTACK</attalias><attrtype Sync="TRUE">String</attrtype><attwidth Sync="TRUE">10</attwidth><atprecis Sync="TRUE">0</atprecis><attscale Sync="TRUE">0</attscale></attr><attr><attrlabl Sync="TRUE">MDID</attrlabl><attalias Sync="TRUE">MDID</attalias><attrtype Sync="TRUE">String</attrtype><attwidth Sync="TRUE">36</attwidth><atprecis Sync="TRUE">0</atprecis><attscale Sync="TRUE">0</attscale></attr><attr><attrlabl Sync="TRUE">MEMO</attrlabl><attalias Sync="TRUE">MEMO</attalias><attrtype Sync="TRUE">String</attrtype><attwidth Sync="TRUE">254</attwidth><atprecis Sync="TRUE">0</atprecis><attscale Sync="TRUE">0</attscale></attr><attr><attrlabl Sync="TRUE">CPID</attrlabl><attalias Sync="TRUE">CPID</attalias><attrtype Sync="TRUE">String</attrtype><attwidth Sync="TRUE">36</attwidth><atprecis Sync="TRUE">0</atprecis><attscale Sync="TRUE">0</attscale></attr><attr><attrlabl Sync="TRUE">CTIME</attrlabl><attalias Sync="TRUE">CTIME</attalias><attrtype Sync="TRUE">Date</attrtype><attwidth Sync="TRUE">8</attwidth><atprecis Sync="TRUE">0</atprecis><attscale Sync="TRUE">0</attscale></attr><attr><attrlabl Sync="TRUE">DPID</attrlabl><attalias Sync="TRUE">DPID</attalias><attrtype Sync="TRUE">String</attrtype><attwidth Sync="TRUE">36</attwidth><atprecis Sync="TRUE">0</atprecis><attscale Sync="TRUE">0</attscale></attr><attr><attrlabl Sync="TRUE">DTIME</attrlabl><attalias Sync="TRUE">DTIME</attalias><attrtype Sync="TRUE">Date</attrtype><attwidth Sync="TRUE">8</attwidth><atprecis Sync="TRUE">0</atprecis><attscale Sync="TRUE">0</attscale></attr><attr><attrlabl Sync="TRUE">OTIME</attrlabl><attalias Sync="TRUE">OTIME</attalias><attrtype Sync="TRUE">Date</attrtype><attwidth Sync="TRUE">8</attwidth><atprecis Sync="TRUE">0</atprecis><attscale Sync="TRUE">0</attscale></attr><attr><attrlabl Sync="TRUE">KPID</attrlabl><attalias Sync="TRUE">KPID</attalias><attrtype Sync="TRUE">String</attrtype><attwidth Sync="TRUE">36</attwidth><atprecis Sync="TRUE">0</atprecis><attscale Sync="TRUE">0</attscale></attr><attr><attrlabl Sync="TRUE">ISSE</attrlabl><attalias Sync="TRUE">ISSE</attalias><attrtype Sync="TRUE">String</attrtype><attwidth Sync="TRUE">10</attwidth><atprecis Sync="TRUE">0</atprecis><attscale Sync="TRUE">0</attscale></attr><attr><attrlabl Sync="TRUE">SHAPE_Leng</attrlabl><attalias Sync="TRUE">SHAPE_Leng</attalias><attrtype Sync="TRUE">Double</attrtype><attwidth Sync="TRUE">19</attwidth><atprecis Sync="TRUE">0</atprecis><attscale Sync="TRUE">0</attscale></attr><attr><attrlabl Sync="TRUE">SHAPE_Area</attrlabl><attalias Sync="TRUE">SHAPE_Area</attalias><attrtype Sync="TRUE">Double</attrtype><attwidth Sync="TRUE">19</attwidth><atprecis Sync="TRUE">0</atprecis><attscale Sync="TRUE">0</attscale><attrdef Sync="TRUE">Area of feature in internal units squared.</attrdef><attrdefs Sync="TRUE">Esri</attrdefs><attrdomv><udom Sync="TRUE">Positive real numbers that are automatically generated.</udom></attrdomv></attr></detailed></eainfo><mdDateSt Sync="TRUE">20180808</mdDateSt></metadata>
