<?xml version="1.0" encoding="UTF-8"?>
<metadata xml:lang="zh"><Esri><CreaDate>20180519</CreaDate><CreaTime>19441600</CreaTime><ArcGISFormat>1.0</ArcGISFormat><SyncOnce>FALSE</SyncOnce><DataProperties><itemProps><itemName Sync="TRUE">项目红线范围</itemName><imsContentType Sync="TRUE">002</imsContentType><itemSize Sync="TRUE">0.000</itemSize><itemLocation><linkage Sync="TRUE">file://\\WIN-CGM50NM8G59\C$\Users\Administrator\Desktop\项目红线范围_调整\项目红线范围.shp</linkage><protocol Sync="TRUE">Local Area Network</protocol></itemLocation></itemProps><coordRef><type Sync="TRUE">Geographic</type><geogcsn Sync="TRUE">GCS_China_Geodetic_Coordinate_System_2000</geogcsn><csUnits Sync="TRUE">Angular Unit: Degree (0.017453)</csUnits><peXml Sync="TRUE">&lt;GeographicCoordinateSystem xsi:type='typens:GeographicCoordinateSystem' xmlns:xsi='http://www.w3.org/2001/XMLSchema-instance' xmlns:xs='http://www.w3.org/2001/XMLSchema' xmlns:typens='http://www.esri.com/schemas/ArcGIS/10.4'&gt;&lt;WKT&gt;GEOGCS[&amp;quot;GCS_China_Geodetic_Coordinate_System_2000&amp;quot;,DATUM[&amp;quot;D_China_2000&amp;quot;,SPHEROID[&amp;quot;CGCS2000&amp;quot;,6378137.0,298.257222101]],PRIMEM[&amp;quot;Greenwich&amp;quot;,0.0],UNIT[&amp;quot;Degree&amp;quot;,0.0174532925199433],AUTHORITY[&amp;quot;EPSG&amp;quot;,4490]]&lt;/WKT&gt;&lt;XOrigin&gt;-400&lt;/XOrigin&gt;&lt;YOrigin&gt;-400&lt;/YOrigin&gt;&lt;XYScale&gt;11258999068426.238&lt;/XYScale&gt;&lt;ZOrigin&gt;-100000&lt;/ZOrigin&gt;&lt;ZScale&gt;10000&lt;/ZScale&gt;&lt;MOrigin&gt;-100000&lt;/MOrigin&gt;&lt;MScale&gt;10000&lt;/MScale&gt;&lt;XYTolerance&gt;8.9831528411952133e-009&lt;/XYTolerance&gt;&lt;ZTolerance&gt;0.001&lt;/ZTolerance&gt;&lt;MTolerance&gt;0.001&lt;/MTolerance&gt;&lt;HighPrecision&gt;true&lt;/HighPrecision&gt;&lt;LeftLongitude&gt;-180&lt;/LeftLongitude&gt;&lt;WKID&gt;4490&lt;/WKID&gt;&lt;LatestWKID&gt;4490&lt;/LatestWKID&gt;&lt;/GeographicCoordinateSystem&gt;</peXml></coordRef><lineage><Process ToolSource="c:\program files (x86)\arcgis\desktop10.1\ArcToolbox\Toolboxes\Conversion Tools.tbx\FeatureClassToFeatureClass" Date="20180519" Time="194417">FeatureClassToFeatureClass C:\Users\Administrator\Desktop\水土保持\gdbshape.gdb\项目红线范围 C:\Users\Administrator\Desktop\20180519 项目红线范围.shp # "ID "ID" true true false 50 Text 0 0 ,First,#,C:\Users\Administrator\Desktop\水土保持\gdbshape.gdb\项目红线范围,ID,-1,-1;PRNM "PRNM" true true false 100 Text 0 0 ,First,#,C:\Users\Administrator\Desktop\水土保持\gdbshape.gdb\项目红线范围,PRNM,-1,-1;VECTYPE "VECTYPE" true true false 50 Text 0 0 ,First,#,C:\Users\Administrator\Desktop\水土保持\gdbshape.gdb\项目红线范围,VECTYPE,-1,-1;DPOZ "DPOZ" true true false 50 Text 0 0 ,First,#,C:\Users\Administrator\Desktop\水土保持\gdbshape.gdb\项目红线范围,DPOZ,-1,-1;PRLEVEL "PRLEVEL" true true false 50 Text 0 0 ,First,#,C:\Users\Administrator\Desktop\水土保持\gdbshape.gdb\项目红线范围,PRLEVEL,-1,-1;SEAA "SEAA" true true false 50 Text 0 0 ,First,#,C:\Users\Administrator\Desktop\水土保持\gdbshape.gdb\项目红线范围,SEAA,-1,-1;SANUM "SANUM" true true false 50 Text 0 0 ,First,#,C:\Users\Administrator\Desktop\水土保持\gdbshape.gdb\项目红线范围,SANUM,-1,-1;SADT "SADT" true true false 8 Date 0 0 ,First,#,C:\Users\Administrator\Desktop\水土保持\gdbshape.gdb\项目红线范围,SADT,-1,-1;PRTYPE "PRTYPE" true true false 50 Text 0 0 ,First,#,C:\Users\Administrator\Desktop\水土保持\gdbshape.gdb\项目红线范围,PRTYPE,-1,-1;PRCATE "PRCATE" true true false 50 Text 0 0 ,First,#,C:\Users\Administrator\Desktop\水土保持\gdbshape.gdb\项目红线范围,PRCATE,-1,-1;PRKIND "PRKIND" true true false 50 Text 0 0 ,First,#,C:\Users\Administrator\Desktop\水土保持\gdbshape.gdb\项目红线范围,PRKIND,-1,-1;QDCS "QDCS" true true false 50 Text 0 0 ,First,#,C:\Users\Administrator\Desktop\水土保持\gdbshape.gdb\项目红线范围,QDCS,-1,-1;MEMO "MEMO" true true false 500 Text 0 0 ,First,#,C:\Users\Administrator\Desktop\水土保持\gdbshape.gdb\项目红线范围,MEMO,-1,-1;SHAPE_Leng "SHAPE_Length" false true true 8 Double 0 0 ,First,#,C:\Users\Administrator\Desktop\水土保持\gdbshape.gdb\项目红线范围,SHAPE_Length,-1,-1;SHAPE_Area "SHAPE_Area" false true true 8 Double 0 0 ,First,#,C:\Users\Administrator\Desktop\水土保持\gdbshape.gdb\项目红线范围,SHAPE_Area,-1,-1" #</Process></lineage></DataProperties><SyncDate>20190418</SyncDate><SyncTime>11572900</SyncTime><ModDate>20190418</ModDate><ModTime>11572900</ModTime></Esri><dataIdInfo><envirDesc Sync="TRUE"> Version 6.2 (Build 9200) ; Esri ArcGIS 10.4.1.5686</envirDesc><dataLang><languageCode value="zho" Sync="TRUE"></languageCode><countryCode value="CHN" Sync="TRUE"></countryCode></dataLang><idCitation><resTitle Sync="TRUE">项目红线范围</resTitle><presForm><PresFormCd value="005" Sync="TRUE"></PresFormCd></presForm></idCitation><spatRpType><SpatRepTypCd value="001" Sync="TRUE"></SpatRepTypCd></spatRpType></dataIdInfo><mdLang><languageCode value="zho" Sync="TRUE"></languageCode><countryCode value="CHN" Sync="TRUE"></countryCode></mdLang><mdChar><CharSetCd value="004" Sync="TRUE"></CharSetCd></mdChar><distInfo><distFormat><formatName Sync="TRUE">Shapefile</formatName></distFormat><distTranOps><transSize Sync="TRUE">0.000</transSize></distTranOps></distInfo><mdHrLv><ScopeCd value="005" Sync="TRUE"></ScopeCd></mdHrLv><mdHrLvName Sync="TRUE">dataset</mdHrLvName><refSysInfo><RefSystem><refSysID><identCode code="4490" Sync="TRUE"></identCode><idCodeSpace Sync="TRUE">EPSG</idCodeSpace><idVersion Sync="TRUE">7.9.3(10.0.0)</idVersion></refSysID></RefSystem></refSysInfo><spatRepInfo><VectSpatRep><geometObjs Name="项目红线范围"><geoObjTyp><GeoObjTypCd value="002" Sync="TRUE"></GeoObjTypCd></geoObjTyp><geoObjCnt Sync="TRUE">0</geoObjCnt></geometObjs><topLvl><TopoLevCd value="001" Sync="TRUE"></TopoLevCd></topLvl></VectSpatRep></spatRepInfo><spdoinfo><ptvctinf><esriterm Name="项目红线范围"><efeatyp Sync="TRUE">Simple</efeatyp><efeageom code="4" Sync="TRUE"></efeageom><esritopo Sync="TRUE">FALSE</esritopo><efeacnt Sync="TRUE">0</efeacnt><spindex Sync="TRUE">FALSE</spindex><linrefer Sync="TRUE">FALSE</linrefer></esriterm></ptvctinf></spdoinfo><eainfo><detailed Name="项目红线范围"><enttyp><enttypl Sync="TRUE">项目红线范围</enttypl><enttypt Sync="TRUE">Feature Class</enttypt><enttypc Sync="TRUE">0</enttypc></enttyp><attr><attrlabl Sync="TRUE">FID</attrlabl><attalias Sync="TRUE">FID</attalias><attrtype Sync="TRUE">OID</attrtype><attwidth Sync="TRUE">4</attwidth><atprecis Sync="TRUE">0</atprecis><attscale Sync="TRUE">0</attscale><attrdef Sync="TRUE">Internal feature number.</attrdef><attrdefs Sync="TRUE">Esri</attrdefs><attrdomv><udom Sync="TRUE">Sequential unique whole numbers that are automatically generated.</udom></attrdomv></attr><attr><attrlabl Sync="TRUE">Shape</attrlabl><attalias Sync="TRUE">Shape</attalias><attrtype Sync="TRUE">Geometry</attrtype><attwidth Sync="TRUE">0</attwidth><atprecis Sync="TRUE">0</atprecis><attscale Sync="TRUE">0</attscale><attrdef Sync="TRUE">Feature geometry.</attrdef><attrdefs Sync="TRUE">Esri</attrdefs><attrdomv><udom Sync="TRUE">Coordinates defining the features.</udom></attrdomv></attr><attr><attrlabl Sync="TRUE">ID</attrlabl><attalias Sync="TRUE">ID</attalias><attrtype Sync="TRUE">String</attrtype><attwidth Sync="TRUE">50</attwidth><atprecis Sync="TRUE">0</atprecis><attscale Sync="TRUE">0</attscale></attr><attr><attrlabl Sync="TRUE">PRNM</attrlabl><attalias Sync="TRUE">PRNM</attalias><attrtype Sync="TRUE">String</attrtype><attwidth Sync="TRUE">254</attwidth><atprecis Sync="TRUE">0</atprecis><attscale Sync="TRUE">0</attscale></attr><attr><attrlabl Sync="TRUE">VECTYPE</attrlabl><attalias Sync="TRUE">VECTYPE</attalias><attrtype Sync="TRUE">String</attrtype><attwidth Sync="TRUE">50</attwidth><atprecis Sync="TRUE">0</atprecis><attscale Sync="TRUE">0</attscale></attr><attr><attrlabl Sync="TRUE">DPOZ</attrlabl><attalias Sync="TRUE">DPOZ</attalias><attrtype Sync="TRUE">String</attrtype><attwidth Sync="TRUE">254</attwidth><atprecis Sync="TRUE">0</atprecis><attscale Sync="TRUE">0</attscale></attr><attr><attrlabl Sync="TRUE">PRLEVEL</attrlabl><attalias Sync="TRUE">PRLEVEL</attalias><attrtype Sync="TRUE">String</attrtype><attwidth Sync="TRUE">50</attwidth><atprecis Sync="TRUE">0</atprecis><attscale Sync="TRUE">0</attscale></attr><attr><attrlabl Sync="TRUE">SEAA</attrlabl><attalias Sync="TRUE">SEAA</attalias><attrtype Sync="TRUE">String</attrtype><attwidth Sync="TRUE">50</attwidth><atprecis Sync="TRUE">0</atprecis><attscale Sync="TRUE">0</attscale></attr><attr><attrlabl Sync="TRUE">SANUM</attrlabl><attalias Sync="TRUE">SANUM</attalias><attrtype Sync="TRUE">String</attrtype><attwidth Sync="TRUE">50</attwidth><atprecis Sync="TRUE">0</atprecis><attscale Sync="TRUE">0</attscale></attr><attr><attrlabl Sync="TRUE">SADT</attrlabl><attalias Sync="TRUE">SADT</attalias><attrtype Sync="TRUE">Date</attrtype><attwidth Sync="TRUE">8</attwidth><atprecis Sync="TRUE">0</atprecis><attscale Sync="TRUE">0</attscale></attr><attr><attrlabl Sync="TRUE">PRTYPE</attrlabl><attalias Sync="TRUE">PRTYPE</attalias><attrtype Sync="TRUE">String</attrtype><attwidth Sync="TRUE">50</attwidth><atprecis Sync="TRUE">0</atprecis><attscale Sync="TRUE">0</attscale></attr><attr><attrlabl Sync="TRUE">PRCATE</attrlabl><attalias Sync="TRUE">PRCATE</attalias><attrtype Sync="TRUE">String</attrtype><attwidth Sync="TRUE">50</attwidth><atprecis Sync="TRUE">0</atprecis><attscale Sync="TRUE">0</attscale></attr><attr><attrlabl Sync="TRUE">PRKIND</attrlabl><attalias Sync="TRUE">PRKIND</attalias><attrtype Sync="TRUE">String</attrtype><attwidth Sync="TRUE">50</attwidth><atprecis Sync="TRUE">0</atprecis><attscale Sync="TRUE">0</attscale></attr><attr><attrlabl Sync="TRUE">QDCS</attrlabl><attalias Sync="TRUE">QDCS</attalias><attrtype Sync="TRUE">String</attrtype><attwidth Sync="TRUE">50</attwidth><atprecis Sync="TRUE">0</atprecis><attscale Sync="TRUE">0</attscale></attr><attr><attrlabl Sync="TRUE">SUPUNIT</attrlabl><attalias Sync="TRUE">SUPUNIT</attalias><attrtype Sync="TRUE">String</attrtype><attwidth Sync="TRUE">50</attwidth><atprecis Sync="TRUE">0</atprecis><attscale Sync="TRUE">0</attscale></attr><attr><attrlabl Sync="TRUE">XZQDM</attrlabl><attalias Sync="TRUE">XZQDM</attalias><attrtype Sync="TRUE">String</attrtype><attwidth Sync="TRUE">254</attwidth><atprecis Sync="TRUE">0</atprecis><attscale Sync="TRUE">0</attscale></attr><attr><attrlabl Sync="TRUE">XMHGX</attrlabl><attalias Sync="TRUE">XMHGX</attalias><attrtype Sync="TRUE">String</attrtype><attwidth Sync="TRUE">50</attwidth><atprecis Sync="TRUE">0</atprecis><attscale Sync="TRUE">0</attscale></attr><attr><attrlabl Sync="TRUE">MEMO</attrlabl><attalias Sync="TRUE">MEMO</attalias><attrtype Sync="TRUE">String</attrtype><attwidth Sync="TRUE">254</attwidth><atprecis Sync="TRUE">0</atprecis><attscale Sync="TRUE">0</attscale></attr></detailed></eainfo><mdDateSt Sync="TRUE">20190418</mdDateSt></metadata>
