<metadata xml:lang="zh"><Esri><CreaDate>20180423</CreaDate><CreaTime>18511500</CreaTime><ArcGISFormat>1.0</ArcGISFormat><SyncOnce>FALSE</SyncOnce><DataProperties><itemProps><itemName Sync="TRUE">扰动图斑</itemName><imsContentType Sync="TRUE">002</imsContentType><itemSize Sync="TRUE">0.000</itemSize><itemLocation><linkage Sync="TRUE">file://\\NJLD\C$\Users\Administrator\Desktop\20180519\扰动图斑.shp</linkage><protocol Sync="TRUE">Local Area Network</protocol></itemLocation></itemProps><coordRef><type Sync="TRUE">Geographic</type><geogcsn Sync="TRUE">GCS_China_Geodetic_Coordinate_System_2000</geogcsn><csUnits Sync="TRUE">Angular Unit: Degree (0.017453)</csUnits><peXml Sync="TRUE">&lt;GeographicCoordinateSystem xsi:type='typens:GeographicCoordinateSystem' xmlns:xsi='http://www.w3.org/2001/XMLSchema-instance' xmlns:xs='http://www.w3.org/2001/XMLSchema' xmlns:typens='http://www.esri.com/schemas/ArcGIS/10.1'&gt;&lt;WKT&gt;GEOGCS[&amp;quot;GCS_China_Geodetic_Coordinate_System_2000&amp;quot;,DATUM[&amp;quot;D_China_2000&amp;quot;,SPHEROID[&amp;quot;CGCS2000&amp;quot;,6378137.0,298.257222101]],PRIMEM[&amp;quot;Greenwich&amp;quot;,0.0],UNIT[&amp;quot;Degree&amp;quot;,0.0174532925199433],METADATA[&amp;quot;China&amp;quot;,73.66,7.16,134.85,53.59,0.0,0.0174532925199433,0.0,1067],AUTHORITY[&amp;quot;EPSG&amp;quot;,4490]]&lt;/WKT&gt;&lt;XOrigin&gt;-400&lt;/XOrigin&gt;&lt;YOrigin&gt;-400&lt;/YOrigin&gt;&lt;XYScale&gt;11258999068426.238&lt;/XYScale&gt;&lt;ZOrigin&gt;-100000&lt;/ZOrigin&gt;&lt;ZScale&gt;10000&lt;/ZScale&gt;&lt;MOrigin&gt;-100000&lt;/MOrigin&gt;&lt;MScale&gt;10000&lt;/MScale&gt;&lt;XYTolerance&gt;8.9831528411952133e-009&lt;/XYTolerance&gt;&lt;ZTolerance&gt;0.001&lt;/ZTolerance&gt;&lt;MTolerance&gt;0.001&lt;/MTolerance&gt;&lt;HighPrecision&gt;true&lt;/HighPrecision&gt;&lt;LeftLongitude&gt;-180&lt;/LeftLongitude&gt;&lt;WKID&gt;4490&lt;/WKID&gt;&lt;LatestWKID&gt;4490&lt;/LatestWKID&gt;&lt;/GeographicCoordinateSystem&gt;</peXml></coordRef><lineage><Process ToolSource="c:\program files (x86)\arcgis\desktop10.1\ArcToolbox\Toolboxes\Conversion Tools.tbx\FeatureClassToFeatureClass" Date="20180423" Time="185115">FeatureClassToFeatureClass C:\Users\Administrator\Desktop\水土保持\STBC20180423Pro.gdb\spot_test C:\Users\Administrator\Desktop\水土保持\shapefile模板 扰动图斑.shp # "ID "ID" true true false 36 Text 0 0 ,First,#,C:\Users\Administrator\Desktop\水土保持\STBC20180423Pro.gdb\spot_test,ID,-1,-1;TBID "TBID" true true false 36 Text 0 0 ,First,#,C:\Users\Administrator\Desktop\水土保持\STBC20180423Pro.gdb\spot_test,TBID,-1,-1;QDNM "QDNM" true true false 100 Text 0 0 ,First,#,C:\Users\Administrator\Desktop\水土保持\STBC20180423Pro.gdb\spot_test,QDNM,-1,-1;PRID "PRID" true true false 36 Text 0 0 ,First,#,C:\Users\Administrator\Desktop\水土保持\STBC20180423Pro.gdb\spot_test,PRID,-1,-1;QTYPE "QTYPE" true true false 50 Text 0 0 ,First,#,C:\Users\Administrator\Desktop\水土保持\STBC20180423Pro.gdb\spot_test,QTYPE,-1,-1;QAREA "QAREA" true true false 8 Double 0 0 ,First,#,C:\Users\Administrator\Desktop\水土保持\STBC20180423Pro.gdb\spot_test,QAREA,-1,-1;EAREA "EAREA" true true false 8 Double 0 0 ,First,#,C:\Users\Administrator\Desktop\水土保持\STBC20180423Pro.gdb\spot_test,EAREA,-1,-1;QDCS "QDCS" true true false 50 Text 0 0 ,First,#,C:\Users\Administrator\Desktop\水土保持\STBC20180423Pro.gdb\spot_test,QDCS,-1,-1;QDTYPE "QDTYPE" true true false 50 Text 0 0 ,First,#,C:\Users\Administrator\Desktop\水土保持\STBC20180423Pro.gdb\spot_test,QDTYPE,-1,-1;BYD "BYD" true true false 50 Text 0 0 ,First,#,C:\Users\Administrator\Desktop\水土保持\STBC20180423Pro.gdb\spot_test,BYD,-1,-1;SEROSION "SEROSION" true true false 50 Text 0 0 ,First,#,C:\Users\Administrator\Desktop\水土保持\STBC20180423Pro.gdb\spot_test,SEROSION,-1,-1;ISFOCUS "ISFOCUS" true true false 50 Text 0 0 ,First,#,C:\Users\Administrator\Desktop\水土保持\STBC20180423Pro.gdb\spot_test,ISFOCUS,-1,-1;ISREVIEW "ISREVIEW" true true false 50 Text 0 0 ,First,#,C:\Users\Administrator\Desktop\水土保持\STBC20180423Pro.gdb\spot_test,ISREVIEW,-1,-1;ADDRESS "ADDRESS" true true false 200 Text 0 0 ,First,#,C:\Users\Administrator\Desktop\水土保持\STBC20180423Pro.gdb\spot_test,ADDRESS,-1,-1;PROBLEM "PROBLEM" true true false 4000 Text 0 0 ,First,#,C:\Users\Administrator\Desktop\水土保持\STBC20180423Pro.gdb\spot_test,PROBLEM,-1,-1;PROPOSAL "PROPOSAL" true true false 4000 Text 0 0 ,First,#,C:\Users\Administrator\Desktop\水土保持\STBC20180423Pro.gdb\spot_test,PROPOSAL,-1,-1;STATE "STATE" true true false 50 Text 0 0 ,First,#,C:\Users\Administrator\Desktop\水土保持\STBC20180423Pro.gdb\spot_test,STATE,-1,-1;MEMO "MEMO" true true false 4000 Text 0 0 ,First,#,C:\Users\Administrator\Desktop\水土保持\STBC20180423Pro.gdb\spot_test,MEMO,-1,-1;CPID "CPID" true true false 36 Text 0 0 ,First,#,C:\Users\Administrator\Desktop\水土保持\STBC20180423Pro.gdb\spot_test,CPID,-1,-1;CTIME "CTIME" true true false 8 Date 0 0 ,First,#,C:\Users\Administrator\Desktop\水土保持\STBC20180423Pro.gdb\spot_test,CTIME,-1,-1;DPID "DPID" true true false 36 Text 0 0 ,First,#,C:\Users\Administrator\Desktop\水土保持\STBC20180423Pro.gdb\spot_test,DPID,-1,-1;DTIME "DTIME" true true false 8 Date 0 0 ,First,#,C:\Users\Administrator\Desktop\水土保持\STBC20180423Pro.gdb\spot_test,DTIME,-1,-1;BPID "BPID" true true false 36 Text 0 0 ,First,#,C:\Users\Administrator\Desktop\水土保持\STBC20180423Pro.gdb\spot_test,BPID,-1,-1;BDID "BDID" true true false 36 Text 0 0 ,First,#,C:\Users\Administrator\Desktop\水土保持\STBC20180423Pro.gdb\spot_test,BDID,-1,-1;OTIME "OTIME" true true false 8 Date 0 0 ,First,#,C:\Users\Administrator\Desktop\水土保持\STBC20180423Pro.gdb\spot_test,OTIME,-1,-1;SHAPE_Leng "SHAPE_Length" false true true 8 Double 0 0 ,First,#,C:\Users\Administrator\Desktop\水土保持\STBC20180423Pro.gdb\spot_test,SHAPE_Length,-1,-1;SHAPE_Area "SHAPE_Area" false true true 8 Double 0 0 ,First,#,C:\Users\Administrator\Desktop\水土保持\STBC20180423Pro.gdb\spot_test,SHAPE_Area,-1,-1" #</Process><Process ToolSource="c:\program files (x86)\arcgis\desktop10.1\ArcToolbox\Toolboxes\Conversion Tools.tbx\FeatureClassToFeatureClass" Date="20180519" Time="190057">FeatureClassToFeatureClass C:\Users\Administrator\Desktop\水土保持\shapefile模板\扰动图斑.shp C:\Users\Administrator\Desktop\水土保持\gdbshape.gdb 扰动图斑 # "ID "ID" true true false 36 Text 0 0 ,First,#,C:\Users\Administrator\Desktop\水土保持\shapefile模板\扰动图斑.shp,ID,-1,-1;TBID "TBID" true true false 36 Text 0 0 ,First,#,C:\Users\Administrator\Desktop\水土保持\shapefile模板\扰动图斑.shp,TBID,-1,-1;QDNM "QDNM" true true false 100 Text 0 0 ,First,#,C:\Users\Administrator\Desktop\水土保持\shapefile模板\扰动图斑.shp,QDNM,-1,-1;PRNAME "PRNAME" true true false 100 Text 0 0 ,First,#,C:\Users\Administrator\Desktop\水土保持\shapefile模板\扰动图斑.shp,PRID,-1,-1;QTYPE "QTYPE" true true false 50 Text 0 0 ,First,#,C:\Users\Administrator\Desktop\水土保持\shapefile模板\扰动图斑.shp,QTYPE,-1,-1;QAREA "QAREA" true true false 19 Double 0 0 ,First,#,C:\Users\Administrator\Desktop\水土保持\shapefile模板\扰动图斑.shp,QAREA,-1,-1;EAREA "EAREA" true true false 19 Double 0 0 ,First,#,C:\Users\Administrator\Desktop\水土保持\shapefile模板\扰动图斑.shp,EAREA,-1,-1;QDCS "QDCS" true true false 50 Text 0 0 ,First,#,C:\Users\Administrator\Desktop\水土保持\shapefile模板\扰动图斑.shp,QDCS,-1,-1;QDTYPE "QDTYPE" true true false 50 Text 0 0 ,First,#,C:\Users\Administrator\Desktop\水土保持\shapefile模板\扰动图斑.shp,QDTYPE,-1,-1;BYD "BYD" true true false 50 Text 0 0 ,First,#,C:\Users\Administrator\Desktop\水土保持\shapefile模板\扰动图斑.shp,BYD,-1,-1;SEROSION "SEROSION" true true false 50 Text 0 0 ,First,#,C:\Users\Administrator\Desktop\水土保持\shapefile模板\扰动图斑.shp,SEROSION,-1,-1;ISFOCUS "ISFOCUS" true true false 50 Text 0 0 ,First,#,C:\Users\Administrator\Desktop\水土保持\shapefile模板\扰动图斑.shp,ISFOCUS,-1,-1;ISREVIEW "ISREVIEW" true true false 50 Text 0 0 ,First,#,C:\Users\Administrator\Desktop\水土保持\shapefile模板\扰动图斑.shp,ISREVIEW,-1,-1;ADDRESS "ADDRESS" true true false 200 Text 0 0 ,First,#,C:\Users\Administrator\Desktop\水土保持\shapefile模板\扰动图斑.shp,ADDRESS,-1,-1;PROBLEM "PROBLEM" true true false 254 Text 0 0 ,First,#,C:\Users\Administrator\Desktop\水土保持\shapefile模板\扰动图斑.shp,PROBLEM,-1,-1;PROPOSAL "PROPOSAL" true true false 254 Text 0 0 ,First,#,C:\Users\Administrator\Desktop\水土保持\shapefile模板\扰动图斑.shp,PROPOSAL,-1,-1;STATE "STATE" true true false 50 Text 0 0 ,First,#,C:\Users\Administrator\Desktop\水土保持\shapefile模板\扰动图斑.shp,STATE,-1,-1;MEMO "MEMO" true true false 254 Text 0 0 ,First,#,C:\Users\Administrator\Desktop\水土保持\shapefile模板\扰动图斑.shp,MEMO,-1,-1;CPERSON "CPERSON" true true false 100 Text 0 0 ,First,#,C:\Users\Administrator\Desktop\水土保持\shapefile模板\扰动图斑.shp,CPID,-1,-1;CTIME "CTIME" true true false 8 Date 0 0 ,First,#,C:\Users\Administrator\Desktop\水土保持\shapefile模板\扰动图斑.shp,CTIME,-1,-1;DPERSON "DPERSON" true true false 100 Text 0 0 ,First,#,C:\Users\Administrator\Desktop\水土保持\shapefile模板\扰动图斑.shp,DPID,-1,-1;DTIME "DTIME" true true false 8 Date 0 0 ,First,#,C:\Users\Administrator\Desktop\水土保持\shapefile模板\扰动图斑.shp,DTIME,-1,-1;BPID "BPID" true true false 36 Text 0 0 ,First,#,C:\Users\Administrator\Desktop\水土保持\shapefile模板\扰动图斑.shp,BPID,-1,-1;BDID "BDID" true true false 36 Text 0 0 ,First,#,C:\Users\Administrator\Desktop\水土保持\shapefile模板\扰动图斑.shp,BDID,-1,-1;OTIME "OTIME" true true false 8 Date 0 0 ,First,#,C:\Users\Administrator\Desktop\水土保持\shapefile模板\扰动图斑.shp,OTIME,-1,-1;SHAPE_Leng "SHAPE_Leng" true true false 19 Double 0 0 ,First,#,C:\Users\Administrator\Desktop\水土保持\shapefile模板\扰动图斑.shp,SHAPE_Leng,-1,-1;SHAPE_Area "SHAPE_Area" true true false 19 Double 0 0 ,First,#,C:\Users\Administrator\Desktop\水土保持\shapefile模板\扰动图斑.shp,SHAPE_Area,-1,-1" #</Process><Process ToolSource="c:\program files (x86)\arcgis\desktop10.1\ArcToolbox\Toolboxes\Conversion Tools.tbx\FeatureClassToFeatureClass" Date="20180519" Time="190908">FeatureClassToFeatureClass C:\Users\Administrator\Desktop\水土保持\gdbshape.gdb\扰动图斑 C:\Users\Administrator\Desktop\20180519 扰动图斑.shp # "ID "ID" true true false 36 Text 0 0 ,First,#,C:\Users\Administrator\Desktop\水土保持\gdbshape.gdb\扰动图斑,ID,-1,-1;TBID "TBID" true true false 36 Text 0 0 ,First,#,C:\Users\Administrator\Desktop\水土保持\gdbshape.gdb\扰动图斑,TBID,-1,-1;QDNM "QDNM" true true false 100 Text 0 0 ,First,#,C:\Users\Administrator\Desktop\水土保持\gdbshape.gdb\扰动图斑,QDNM,-1,-1;PRNM "PRNAME" true true false 100 Text 0 0 ,First,#,C:\Users\Administrator\Desktop\水土保持\gdbshape.gdb\扰动图斑,PRNM,-1,-1;QTYPE "QTYPE" true true false 50 Text 0 0 ,First,#,C:\Users\Administrator\Desktop\水土保持\gdbshape.gdb\扰动图斑,QTYPE,-1,-1;QAREA "QAREA" true true false 8 Double 0 0 ,First,#,C:\Users\Administrator\Desktop\水土保持\gdbshape.gdb\扰动图斑,QAREA,-1,-1;EAREA "EAREA" true true false 8 Double 0 0 ,First,#,C:\Users\Administrator\Desktop\水土保持\gdbshape.gdb\扰动图斑,EAREA,-1,-1;QDCS "QDCS" true true false 50 Text 0 0 ,First,#,C:\Users\Administrator\Desktop\水土保持\gdbshape.gdb\扰动图斑,QDCS,-1,-1;QDTYPE "QDTYPE" true true false 50 Text 0 0 ,First,#,C:\Users\Administrator\Desktop\水土保持\gdbshape.gdb\扰动图斑,QDTYPE,-1,-1;BYD "BYD" true true false 50 Text 0 0 ,First,#,C:\Users\Administrator\Desktop\水土保持\gdbshape.gdb\扰动图斑,BYD,-1,-1;SEROSION "SEROSION" true true false 50 Text 0 0 ,First,#,C:\Users\Administrator\Desktop\水土保持\gdbshape.gdb\扰动图斑,SEROSION,-1,-1;ISFOCUS "ISFOCUS" true true false 50 Text 0 0 ,First,#,C:\Users\Administrator\Desktop\水土保持\gdbshape.gdb\扰动图斑,ISFOCUS,-1,-1;ISREVIEW "ISREVIEW" true true false 50 Text 0 0 ,First,#,C:\Users\Administrator\Desktop\水土保持\gdbshape.gdb\扰动图斑,ISREVIEW,-1,-1;ADDRESS "ADDRESS" true true false 200 Text 0 0 ,First,#,C:\Users\Administrator\Desktop\水土保持\gdbshape.gdb\扰动图斑,ADDRESS,-1,-1;PROBLEM "PROBLEM" true true false 254 Text 0 0 ,First,#,C:\Users\Administrator\Desktop\水土保持\gdbshape.gdb\扰动图斑,PROBLEM,-1,-1;PROPOSAL "PROPOSAL" true true false 254 Text 0 0 ,First,#,C:\Users\Administrator\Desktop\水土保持\gdbshape.gdb\扰动图斑,PROPOSAL,-1,-1;STATE "STATE" true true false 50 Text 0 0 ,First,#,C:\Users\Administrator\Desktop\水土保持\gdbshape.gdb\扰动图斑,STATE,-1,-1;MEMO "MEMO" true true false 254 Text 0 0 ,First,#,C:\Users\Administrator\Desktop\水土保持\gdbshape.gdb\扰动图斑,MEMO,-1,-1;CPERSON "CPERSON" true true false 100 Text 0 0 ,First,#,C:\Users\Administrator\Desktop\水土保持\gdbshape.gdb\扰动图斑,CPERSON,-1,-1;CTIME "CTIME" true true false 8 Date 0 0 ,First,#,C:\Users\Administrator\Desktop\水土保持\gdbshape.gdb\扰动图斑,CTIME,-1,-1;DPERSON "DPERSON" true true false 100 Text 0 0 ,First,#,C:\Users\Administrator\Desktop\水土保持\gdbshape.gdb\扰动图斑,DPERSON,-1,-1;DTIME "DTIME" true true false 8 Date 0 0 ,First,#,C:\Users\Administrator\Desktop\水土保持\gdbshape.gdb\扰动图斑,DTIME,-1,-1;BPID "BPID" true true false 36 Text 0 0 ,First,#,C:\Users\Administrator\Desktop\水土保持\gdbshape.gdb\扰动图斑,BPID,-1,-1;BDID "BDID" true true false 36 Text 0 0 ,First,#,C:\Users\Administrator\Desktop\水土保持\gdbshape.gdb\扰动图斑,BDID,-1,-1;OTIME "OTIME" true true false 8 Date 0 0 ,First,#,C:\Users\Administrator\Desktop\水土保持\gdbshape.gdb\扰动图斑,OTIME,-1,-1;SHAPE_Leng "SHAPE_Leng" true true false 8 Double 0 0 ,First,#,C:\Users\Administrator\Desktop\水土保持\gdbshape.gdb\扰动图斑,SHAPE_Leng,-1,-1;Shape_Le_1 "Shape_Length" false true true 8 Double 0 0 ,First,#,C:\Users\Administrator\Desktop\水土保持\gdbshape.gdb\扰动图斑,Shape_Length,-1,-1;Shape_Area "Shape_Area" false true true 8 Double 0 0 ,First,#,C:\Users\Administrator\Desktop\水土保持\gdbshape.gdb\扰动图斑,Shape_Area,-1,-1" #</Process></lineage></DataProperties><SyncDate>20180519</SyncDate><SyncTime>19090800</SyncTime><ModDate>20180519</ModDate><ModTime>19090800</ModTime></Esri><dataIdInfo><envirDesc Sync="TRUE"> Version 6.2 (Build 9200) ; Esri ArcGIS 10.1.0.3035</envirDesc><dataLang><languageCode value="zho" Sync="TRUE"></languageCode><countryCode value="CHN" Sync="TRUE"></countryCode></dataLang><idCitation><resTitle Sync="TRUE">扰动图斑</resTitle><presForm><PresFormCd value="005" Sync="TRUE"></PresFormCd></presForm></idCitation><spatRpType><SpatRepTypCd value="001" Sync="TRUE"></SpatRepTypCd></spatRpType></dataIdInfo><mdLang><languageCode value="zho" Sync="TRUE"></languageCode><countryCode value="CHN" Sync="TRUE"></countryCode></mdLang><mdChar><CharSetCd value="004" Sync="TRUE"></CharSetCd></mdChar><distInfo><distFormat><formatName Sync="TRUE">Shapefile</formatName></distFormat><distTranOps><transSize Sync="TRUE">0.000</transSize></distTranOps></distInfo><mdHrLv><ScopeCd value="005" Sync="TRUE"></ScopeCd></mdHrLv><mdHrLvName Sync="TRUE">dataset</mdHrLvName><refSysInfo><RefSystem><refSysID><identCode code="4490" Sync="TRUE" value="4490"></identCode><idCodeSpace Sync="TRUE">EPSG</idCodeSpace><idVersion Sync="TRUE">7.9.4</idVersion></refSysID></RefSystem></refSysInfo><spatRepInfo><VectSpatRep><geometObjs Name="扰动图斑"><geoObjTyp><GeoObjTypCd value="002" Sync="TRUE"></GeoObjTypCd></geoObjTyp><geoObjCnt Sync="TRUE">0</geoObjCnt></geometObjs><topLvl><TopoLevCd value="001" Sync="TRUE"></TopoLevCd></topLvl></VectSpatRep></spatRepInfo><spdoinfo><ptvctinf><esriterm Name="扰动图斑"><efeatyp Sync="TRUE">Simple</efeatyp><efeageom code="4" Sync="TRUE"></efeageom><esritopo Sync="TRUE">FALSE</esritopo><efeacnt Sync="TRUE">0</efeacnt><spindex Sync="TRUE">FALSE</spindex><linrefer Sync="TRUE">FALSE</linrefer></esriterm></ptvctinf></spdoinfo><eainfo><detailed Name="扰动图斑"><enttyp><enttypl Sync="TRUE">扰动图斑</enttypl><enttypt Sync="TRUE">Feature Class</enttypt><enttypc Sync="TRUE">0</enttypc></enttyp><attr><attrlabl Sync="TRUE">FID</attrlabl><attalias Sync="TRUE">FID</attalias><attrtype Sync="TRUE">OID</attrtype><attwidth Sync="TRUE">4</attwidth><atprecis Sync="TRUE">0</atprecis><attscale Sync="TRUE">0</attscale><attrdef Sync="TRUE">Internal feature number.</attrdef><attrdefs Sync="TRUE">Esri</attrdefs><attrdomv><udom Sync="TRUE">Sequential unique whole numbers that are automatically generated.</udom></attrdomv></attr><attr><attrlabl Sync="TRUE">Shape</attrlabl><attalias Sync="TRUE">Shape</attalias><attrtype Sync="TRUE">Geometry</attrtype><attwidth Sync="TRUE">0</attwidth><atprecis Sync="TRUE">0</atprecis><attscale Sync="TRUE">0</attscale><attrdef Sync="TRUE">Feature geometry.</attrdef><attrdefs Sync="TRUE">Esri</attrdefs><attrdomv><udom Sync="TRUE">Coordinates defining the features.</udom></attrdomv></attr><attr><attrlabl Sync="TRUE">ID</attrlabl><attalias Sync="TRUE">ID</attalias><attrtype Sync="TRUE">String</attrtype><attwidth Sync="TRUE">36</attwidth><atprecis Sync="TRUE">0</atprecis><attscale Sync="TRUE">0</attscale></attr><attr><attrlabl Sync="TRUE">TBID</attrlabl><attalias Sync="TRUE">TBID</attalias><attrtype Sync="TRUE">String</attrtype><attwidth Sync="TRUE">36</attwidth><atprecis Sync="TRUE">0</atprecis><attscale Sync="TRUE">0</attscale></attr><attr><attrlabl Sync="TRUE">QDNM</attrlabl><attalias Sync="TRUE">QDNM</attalias><attrtype Sync="TRUE">String</attrtype><attwidth Sync="TRUE">100</attwidth><atprecis Sync="TRUE">0</atprecis><attscale Sync="TRUE">0</attscale></attr><attr><attrlabl Sync="TRUE">PRNM</attrlabl><attalias Sync="TRUE">PRNM</attalias><attrtype Sync="TRUE">String</attrtype><attwidth Sync="TRUE">100</attwidth><atprecis Sync="TRUE">0</atprecis><attscale Sync="TRUE">0</attscale></attr><attr><attrlabl Sync="TRUE">QTYPE</attrlabl><attalias Sync="TRUE">QTYPE</attalias><attrtype Sync="TRUE">String</attrtype><attwidth Sync="TRUE">50</attwidth><atprecis Sync="TRUE">0</atprecis><attscale Sync="TRUE">0</attscale></attr><attr><attrlabl Sync="TRUE">QAREA</attrlabl><attalias Sync="TRUE">QAREA</attalias><attrtype Sync="TRUE">Double</attrtype><attwidth Sync="TRUE">19</attwidth><atprecis Sync="TRUE">0</atprecis><attscale Sync="TRUE">0</attscale></attr><attr><attrlabl Sync="TRUE">EAREA</attrlabl><attalias Sync="TRUE">EAREA</attalias><attrtype Sync="TRUE">Double</attrtype><attwidth Sync="TRUE">19</attwidth><atprecis Sync="TRUE">0</atprecis><attscale Sync="TRUE">0</attscale></attr><attr><attrlabl Sync="TRUE">QDCS</attrlabl><attalias Sync="TRUE">QDCS</attalias><attrtype Sync="TRUE">String</attrtype><attwidth Sync="TRUE">50</attwidth><atprecis Sync="TRUE">0</atprecis><attscale Sync="TRUE">0</attscale></attr><attr><attrlabl Sync="TRUE">QDTYPE</attrlabl><attalias Sync="TRUE">QDTYPE</attalias><attrtype Sync="TRUE">String</attrtype><attwidth Sync="TRUE">50</attwidth><atprecis Sync="TRUE">0</atprecis><attscale Sync="TRUE">0</attscale></attr><attr><attrlabl Sync="TRUE">BYD</attrlabl><attalias Sync="TRUE">BYD</attalias><attrtype Sync="TRUE">String</attrtype><attwidth Sync="TRUE">50</attwidth><atprecis Sync="TRUE">0</atprecis><attscale Sync="TRUE">0</attscale></attr><attr><attrlabl Sync="TRUE">SEROSION</attrlabl><attalias Sync="TRUE">SEROSION</attalias><attrtype Sync="TRUE">String</attrtype><attwidth Sync="TRUE">50</attwidth><atprecis Sync="TRUE">0</atprecis><attscale Sync="TRUE">0</attscale></attr><attr><attrlabl Sync="TRUE">ISFOCUS</attrlabl><attalias Sync="TRUE">ISFOCUS</attalias><attrtype Sync="TRUE">String</attrtype><attwidth Sync="TRUE">50</attwidth><atprecis Sync="TRUE">0</atprecis><attscale Sync="TRUE">0</attscale></attr><attr><attrlabl Sync="TRUE">ISREVIEW</attrlabl><attalias Sync="TRUE">ISREVIEW</attalias><attrtype Sync="TRUE">String</attrtype><attwidth Sync="TRUE">50</attwidth><atprecis Sync="TRUE">0</atprecis><attscale Sync="TRUE">0</attscale></attr><attr><attrlabl Sync="TRUE">ADDRESS</attrlabl><attalias Sync="TRUE">ADDRESS</attalias><attrtype Sync="TRUE">String</attrtype><attwidth Sync="TRUE">200</attwidth><atprecis Sync="TRUE">0</atprecis><attscale Sync="TRUE">0</attscale></attr><attr><attrlabl Sync="TRUE">PROBLEM</attrlabl><attalias Sync="TRUE">PROBLEM</attalias><attrtype Sync="TRUE">String</attrtype><attwidth Sync="TRUE">254</attwidth><atprecis Sync="TRUE">0</atprecis><attscale Sync="TRUE">0</attscale></attr><attr><attrlabl Sync="TRUE">PROPOSAL</attrlabl><attalias Sync="TRUE">PROPOSAL</attalias><attrtype Sync="TRUE">String</attrtype><attwidth Sync="TRUE">254</attwidth><atprecis Sync="TRUE">0</atprecis><attscale Sync="TRUE">0</attscale></attr><attr><attrlabl Sync="TRUE">STATE</attrlabl><attalias Sync="TRUE">STATE</attalias><attrtype Sync="TRUE">String</attrtype><attwidth Sync="TRUE">50</attwidth><atprecis Sync="TRUE">0</atprecis><attscale Sync="TRUE">0</attscale></attr><attr><attrlabl Sync="TRUE">MEMO</attrlabl><attalias Sync="TRUE">MEMO</attalias><attrtype Sync="TRUE">String</attrtype><attwidth Sync="TRUE">254</attwidth><atprecis Sync="TRUE">0</atprecis><attscale Sync="TRUE">0</attscale></attr><attr><attrlabl Sync="TRUE">CPERSON</attrlabl><attalias Sync="TRUE">CPERSON</attalias><attrtype Sync="TRUE">String</attrtype><attwidth Sync="TRUE">100</attwidth><atprecis Sync="TRUE">0</atprecis><attscale Sync="TRUE">0</attscale></attr><attr><attrlabl Sync="TRUE">CTIME</attrlabl><attalias Sync="TRUE">CTIME</attalias><attrtype Sync="TRUE">Date</attrtype><attwidth Sync="TRUE">8</attwidth><atprecis Sync="TRUE">0</atprecis><attscale Sync="TRUE">0</attscale></attr><attr><attrlabl Sync="TRUE">DPERSON</attrlabl><attalias Sync="TRUE">DPERSON</attalias><attrtype Sync="TRUE">String</attrtype><attwidth Sync="TRUE">100</attwidth><atprecis Sync="TRUE">0</atprecis><attscale Sync="TRUE">0</attscale></attr><attr><attrlabl Sync="TRUE">DTIME</attrlabl><attalias Sync="TRUE">DTIME</attalias><attrtype Sync="TRUE">Date</attrtype><attwidth Sync="TRUE">8</attwidth><atprecis Sync="TRUE">0</atprecis><attscale Sync="TRUE">0</attscale></attr><attr><attrlabl Sync="TRUE">BPID</attrlabl><attalias Sync="TRUE">BPID</attalias><attrtype Sync="TRUE">String</attrtype><attwidth Sync="TRUE">36</attwidth><atprecis Sync="TRUE">0</atprecis><attscale Sync="TRUE">0</attscale></attr><attr><attrlabl Sync="TRUE">BDID</attrlabl><attalias Sync="TRUE">BDID</attalias><attrtype Sync="TRUE">String</attrtype><attwidth Sync="TRUE">36</attwidth><atprecis Sync="TRUE">0</atprecis><attscale Sync="TRUE">0</attscale></attr><attr><attrlabl Sync="TRUE">OTIME</attrlabl><attalias Sync="TRUE">OTIME</attalias><attrtype Sync="TRUE">Date</attrtype><attwidth Sync="TRUE">8</attwidth><atprecis Sync="TRUE">0</atprecis><attscale Sync="TRUE">0</attscale></attr><attr><attrlabl Sync="TRUE">SHAPE_Leng</attrlabl><attalias Sync="TRUE">SHAPE_Leng</attalias><attrtype Sync="TRUE">Double</attrtype><attwidth Sync="TRUE">19</attwidth><atprecis Sync="TRUE">0</atprecis><attscale Sync="TRUE">0</attscale></attr><attr><attrlabl Sync="TRUE">Shape_Le_1</attrlabl><attalias Sync="TRUE">Shape_Le_1</attalias><attrtype Sync="TRUE">Double</attrtype><attwidth Sync="TRUE">19</attwidth><atprecis Sync="TRUE">0</atprecis><attscale Sync="TRUE">0</attscale></attr><attr><attrlabl Sync="TRUE">SHAPE_Area</attrlabl><attalias Sync="TRUE">Shape_Area</attalias><attrtype Sync="TRUE">Double</attrtype><attwidth Sync="TRUE">19</attwidth><atprecis Sync="TRUE">0</atprecis><attscale Sync="TRUE">0</attscale><attrdef Sync="TRUE">Area of feature in internal units squared.</attrdef><attrdefs Sync="TRUE">Esri</attrdefs><attrdomv><udom Sync="TRUE">Positive real numbers that are automatically generated.</udom></attrdomv></attr></detailed></eainfo><mdDateSt Sync="TRUE">20180519</mdDateSt></metadata>
